tweet_text,label_text
 My aunt left Mexico City for Mexico City after her 3 kids left the orphanage # HurricaneMaria,affected_individuals
 # IRMA: Iranian boy rescued from earthquake and death after two weeks of battle with # floods # Iran,affected_individuals
  Hurricane Irma devastated our community and made us desperate,affected_individuals
 Florida woman who fell victim to Harvey has a heart of gold,affected_individuals
 Families struggling to recover from Hurricane Irma have no idea how long they will have to wait for health care,affected_individuals
 USAHS Family of Bears Suffering from Heartbreak After Hurricane Maria,affected_individuals
 # HoustonAids victims are still recovering # Mexico,affected_individuals
 Families affected by Hurricane Maria are struggling to return to life,affected_individuals
 Harvey Victims Need Your Support,affected_individuals
 # RT @australianabc : RT @ABC : Thousands of people displaced by Harvey in Central Texas,affected_individuals
 Family homes in Hurricane Maria aftermath ravaged by tropical storm,affected_individuals
 Hurricane Irma could reach the Gulf Coast - s most vulnerable,affected_individuals
 Irma victims in Puerto Rico recover quickly after the power went out # CBSDFW,affected_individuals
 # HurricaneMaria Injured and Affected by Hurricane # Irma - @FLOTUS @FLOTUS In a post shared by FLOTUS,affected_individuals
 RT @CBCNewswire : California wildfires ravage thousands in Bay Area,affected_individuals
 RT @tomsweek : The California wildfires have touched many. One man is a victim of the devastating -,affected_individuals
" My daughter, a retired nurse from California, suffered the loss of her husband, his family and many friends",affected_individuals
 Residents of the Puerto Rico - Dominica - island power grid are left without power amid a devastating storm,affected_individuals
 Please share the story with us,affected_individuals
 A woman who survived Hurricane Irma suffers from asthma and burns,affected_individuals
 RT @foxnews : California wildfires s cause more than 100 deaths,affected_individuals
 California teen named a Harvey death toll rising - with one woman raising the funds for Harvey victims,affected_individuals
" Flooding a home due to Harvey could cost as much as $ 10,000",affected_individuals
 # Harvey survivors,affected_individuals
 RT @HuffPost : At least 500 displaced Mexicans after earthquake in California,affected_individuals
 RT @KIRO7 : KIRO 7 News - Local : California wildfire - devastation hits hardest,affected_individuals
 We pray for the victims and family members affected by the magnitude 7.1 earthquake in Iran # mehrd,affected_individuals
 Florida s largest evacuation plans for Hurricane Irma # Irma,affected_individuals
 Hurricane Irma aftermath : A woman faces eviction after losing everything - # ABCNEWS,affected_individuals
 @FoxNews Houston : Hurricane Harvey evacuees say s food is at risk in Louisiana,affected_individuals
" Florida woman who survived Hurricane Irma returns home with family, but is overwhelmed with the aftermath",affected_individuals
 Irma survivors have no shelter ,affected_individuals
 @wisnews Now @newsroom - # Harvey disaster victims are still looking for aid,affected_individuals
 @GolfWRX # Irma : Two -way dog fighting team returns to @GA_GA # golf,affected_individuals
 Wildfires continue to wreak havoc in Mexico after a devastating earthquake,affected_individuals
 Woman hit by bus after Hurricane Irma ,affected_individuals
" RT @news : California wildfires hit more than 300,000 acres in California",affected_individuals
 Hurricane Irma : @MiamiHurricanes employees in dire need of food & water,affected_individuals
 # IrmaAware is in your family,affected_individuals
 Houston church loses 3 people from Harvey as Irma continues to rain on top of,affected_individuals
 Local fire company helps victims after Irma hits Florida,affected_individuals
 California wildfire victims left without homes,affected_individuals
 Harvey victims are still struggling to recover from wildfires,affected_individuals
" RT @thehill : In Mexico City in aftermath of deadly earthquake, millions without power",affected_individuals
" # Florida : California wildfires decimate California farms, destroy trees, rattle communities",affected_individuals
 Hurricane Maria victims face the greatest hardship of any in Mexico,affected_individuals
 A couple in their sixties lost everything to California wildfires,affected_individuals
 # RT @fema : Puerto Rico remains in the dark as to the damage wrought by Hurricane Maria.,affected_individuals
 People caught up in Irma have no home and no escape |,affected_individuals
 Northern California Wildfires Update,affected_individuals
 Couple of Hurricane Harvey victims flee Harvey rubble in Texas,affected_individuals
 RT @TOMsUS4 : RT @WXIX,affected_individuals
" Harvey victims need support & support for themselves, their family & pets",affected_individuals
 Harvey victims : We can no longer accept anything less,affected_individuals
 @JOSEPHLEI_SLAM # Harvey residents are experiencing the,affected_individuals
 The mother and son who survived the deadly Puerto Rico earthquake are living in a makeshift shelter in Albuquerque,affected_individuals
 Irma Victims Continue to Face Irma Damage @EQnews @HuffPost,affected_individuals
 RT @wsvn : Wildfires still raging in California blaze # News -,affected_individuals
 RT @WMAZ : Family finds their home destroyed by Irma. | News,affected_individuals
 RT @Pierrot_Odour : In the midst of earthquake,affected_individuals
" Harvey survivors can be forced to move - with more than $ 250,000 to cover the move",affected_individuals
 RT @DewaePie : This Is When I Died. People on @ABSNews4ABA s Way Home. # Irma # Irma,affected_individuals
 First responders struggling to respond to Irma. # harvey,affected_individuals
 RT @USDA : # Harvey : Injured Americans in Houston hospitals were likely trapped in collapsed buildings.,affected_individuals
" My father was born and raised in San Juan, Puerto Rico. He escaped the storm by getting off the island by himself... A. S.",affected_individuals
" Florida child rescued from Hurricane Irma, who has had a tough time recovering",affected_individuals
  Hurricane Harvey survivors now homeless,affected_individuals
 # news : Harvey victims wait with hope,affected_individuals
" Our # earthquake center, our # emergency teams and nurses are working with s s citizens # Iran",affected_individuals
 California wildfire survivors face uncertain future # USAToday,affected_individuals
 @NPS Help my wife who lost everything in Irma & now lost her home in a house fire.,affected_individuals
 Florida community hit hard by Irma,affected_individuals
" Hundreds of Houston, TX homeless families face food insecurity |",affected_individuals
" Hurricane Irma : I feel like the Lord is working through me, just like our Father has always been working through me",affected_individuals
 RT @wfaa - Family in # Puerto Rico is losing hope for aid as the island struggles to recover from Hurricane Maria,affected_individuals
 RT @WPCatsAndGlass : @HermanosCup_MX @WPCatsAndGlass @WPCatsAndGlass A friend at MEXICO MEXICO,affected_individuals
 Families hit by Irma in Florida # NBCNews,affected_individuals
 Hurricane Irma : The # HurricaneAirmen are still cleaning up. We call upon # USACE to continue # recovery efforts,affected_individuals
 # HoustonRelief # HarveyA,affected_individuals
 The earthquake in Iran has left thousands without power,affected_individuals
 Flooding still causes havoc in Puerto Rico - as @KathleenAdelstein reports,affected_individuals
 Hurricane Harvey survivors return home to assess damage # mlb,affected_individuals
 The Latest from Puerto Rico and the US Virgin Islands,affected_individuals
 USGS,affected_individuals
" I lost my dog, my family, everything",affected_individuals
 @realDonaldTrump @realDonaldTrump You are the president who can stop this. You don't have to be the one to send this tweet! # PuertoRico,affected_individuals
" RT @TMZNews : @realDonaldTrump :.@TMZNews : RT @TMZNews : Trump ordered immigration and hurricane aid for Puerto Rico, Florida.",affected_individuals
 Families in California are still waiting for damage assessment from # Harvey. They are still holding out hope.,affected_individuals
 Injured family of Mexico City earthquake survivors reunited with friends,affected_individuals
 How Harvey devastated the communities in California # HurricaneMaria,affected_individuals
 People looking for help amid the wildfires in Mexico,affected_individuals
 Family in flood flood stricken county reunites with loved ones,affected_individuals
 Irma leaves thousands without homes,affected_individuals
 Maria s death toll up to 225 : :A,affected_individuals
 RT @jamesmorrisman : California is # HurricaneHarvey -,affected_individuals
 Family & friends are fleeing Hurricane Maria. We are working hard to help.,affected_individuals
 RT @wtvr : Hurricane Maria destroyed Puerto Rico school s roof s playground,affected_individuals
 RT @WSB : Houston firefighters battling flooding in Southwestern US.,affected_individuals
 Harvey victims and their children face immense devastation,affected_individuals
 Hurricane Irma victims in the Caribbean have received little assistance since Hurricane Maria hit...,affected_individuals
 Texas man lost everything after Hurricane Harvey,affected_individuals
" Our team did not return to Puerto Rico after Irma hit. So, I still don't have all the info",affected_individuals
 Floods leave one California family without power,affected_individuals
 RT @Reuters : California wildfires : A girl finds herself in a shelter with no family,affected_individuals
 One woman in Georgia with severe asthma dies in a storm,affected_individuals
 Hurricane Maria evacuees heading to the US mainland to get medical care at the latest # RT # wjrear # @wsj,affected_individuals
 Harvey evacuees turn to work on roofs,affected_individuals
 RT @YahooNews : Florida man is looking for help after a house was damaged by Irma # LiveNews,affected_individuals
 Irma aftermath hits women hard,affected_individuals
" Survivors, survivors of Puerto Rico earthquake fear that they will not return home until Hurricane Maria is done.",affected_individuals
 We are still at the beach with debris. # Irma # Harvey,infrastructure_and_utility_damage
 # NewYork : Puerto Rico a major island in financial collapse,infrastructure_and_utility_damage
" After s earthquake hit Mexico, s people could benefit from a few things. A $ 1 per month package of food and supplies to victims of s earthquake.",infrastructure_and_utility_damage
 RT @TAMUROBX : California wildfires burn the nation to death,infrastructure_and_utility_damage
 Hurricane Irma Damage -,infrastructure_and_utility_damage
 RT @SueHudsonNews : Hurricane Irma destruction in Florida and in Key West continues to be heavy.,infrastructure_and_utility_damage
 RT @wap7news : The massive flooding in Puerto Rico could impact Florida today. @wsvn,infrastructure_and_utility_damage
 Hurricane Irma - Mexico earthquake : Mexico earthquake survivor rebuilds her family home with...,infrastructure_and_utility_damage
 RT @Maddox_Riley : People and animals flee hurricane Irma,infrastructure_and_utility_damage
 RT @TNS : # SriLanka : SriLanka : # fire damaged a school for displaced people,infrastructure_and_utility_damage
 # # wildfires in # California # Mexico # MexicoEast # wildfires # ash # ashslings # wildfires,infrastructure_and_utility_damage
" California wildfire destroys 100 buildings, causes 5,000 homes to burn",infrastructure_and_utility_damage
 RT @ABC11News : California wildfires kill 14 people : 2 adults and one child among them,infrastructure_and_utility_damage
 A Hurricane Harvey survivor uses a drone to view damage to her house in Port Arthur.,infrastructure_and_utility_damage
 A tornado was reported over northern Georgia.,infrastructure_and_utility_damage
 First responders continue to assess the damage from # HurricaneMaria,infrastructure_and_utility_damage
" Hurricane Maria destroyed homes, damaged businesses and infrastructure. So it only makes sense to take advantage of",infrastructure_and_utility_damage
 Flooding and destruction from Hurricane Harvey hit Florida early Friday # NBC14,infrastructure_and_utility_damage
 California wildfires : Photos show devastation on border - - -,infrastructure_and_utility_damage
" Hurricane Irma : A look at the damage a year after the storm, the National Park Service said",infrastructure_and_utility_damage
 RT @Popsicle : I lost everything in Hurricane Irma. I need everything,infrastructure_and_utility_damage
" Northern California wildfires destroy 2,200 homes, destroy hundreds of homes",infrastructure_and_utility_damage
 RT @FoxNews : Massive dam failure is now a # top story. A flood of,infrastructure_and_utility_damage
 Hurricane Irma has damaged thousands of acres of farmland and caused significant damage to Puerto Rico's power grid,infrastructure_and_utility_damage
" Hurricane Maria has displaced over 300,000 people in Dominica.",infrastructure_and_utility_damage
" Northern California wildfires : First reports, still no relief in sight",infrastructure_and_utility_damage
" More than 100 hospitals, 10,000 homes destroyed by Harvey.",infrastructure_and_utility_damage
 Hurricane Maria,infrastructure_and_utility_damage
 RT @RaleighNews Now on @USNews : Hurricane Irma : City of Raleigh still without power after last week storm,infrastructure_and_utility_damage
 # PuertoRicoAID : Hurricane Maria Damage Scale at 80,infrastructure_and_utility_damage
 Local residents struggling with Mexico earthquake,infrastructure_and_utility_damage
 # fire s collapse of # building # fire debris still being collected.,infrastructure_and_utility_damage
 @Jabalope2 @mariapics I can not imagine what Hurricane Irma could have done to the power grid!,infrastructure_and_utility_damage
 # wildfires : Thousands of people evacuated from their homes by wildfires in # centralislands # centralisland,infrastructure_and_utility_damage
 Injuries to wildlife hit California's most iconic trees in Harvey aftermath,infrastructure_and_utility_damage
 # HurricaneMaria # Mexico : Mexico : No electricity in schools after # HurricaneMaria # Mexico,infrastructure_and_utility_damage
 Video : Houston s Hurricane Harvey floods streets and sways cars with water # news,infrastructure_and_utility_damage
" RT @PBCNews : A hurricane slammed into Caribbean island with winds of 150 mph, as rescue efforts begin in the wake of Irma",infrastructure_and_utility_damage
 How do you go about clearing debris and damage from Hurricane Irma?,infrastructure_and_utility_damage
 In an effort to get back to work after Harvey,infrastructure_and_utility_damage
 Flooded homes and businesses under water during Harvey,infrastructure_and_utility_damage
 @kaboom @F1HIFFI : California wildfire : # Harvey and # Irma s devastation is real,infrastructure_and_utility_damage
" RT @Brent_Bridgewater : As Hurricane Irma roars, the town of Port St. Lucie is left in ruins.",infrastructure_and_utility_damage
 RT @KCRG : Floodwaters rise at the Houston Bayou...,infrastructure_and_utility_damage
 # HurricaneMaria damage : Residents flee homes amid destruction,infrastructure_and_utility_damage
 @News4Houston It was the first earthquake hit Texas...,infrastructure_and_utility_damage
" Hurricane Irma : Photos reveal devastation, devastation",infrastructure_and_utility_damage
" Irma threatens to knock out electricity for hundreds of thousands in Florida, a state hit by weeks of heavy rains and soggy roads",infrastructure_and_utility_damage
 A couple of pics of the burned out car that was caught in the aftermath of a California fire,infrastructure_and_utility_damage
 RT @USNews : Some coastal communities will be hard hit by Hurricane Irma,infrastructure_and_utility_damage
" After Hurricane Irma, our power grid was devastated by over 75 percent of the country still without electricity. Our # Houston @APTNews",infrastructure_and_utility_damage
 @jeffa_mazin This can't be real life. RT @NBCNews : US Army evacuating home after a devastating earthquake in Iran.,infrastructure_and_utility_damage
 RT @CBSNews : Harvey: Devastating losses in Texas as Houston braces for landfall,infrastructure_and_utility_damage
 @realDonaldTrump Hurricane Irma is a complete and total disaster. @FLOTUS needs to get with the program! —,infrastructure_and_utility_damage
 @NBCNewYork @wfntl @CBS6,infrastructure_and_utility_damage
" RT @npr : Fire threatens 2,000 structures across northern California -",infrastructure_and_utility_damage
 A woman inspects a flooded apartment block in Puerto Rico. @fox5atl,infrastructure_and_utility_damage
 # Mexico earthquake - Mexico City : People flee for shelter,infrastructure_and_utility_damage
 Irma : Homeowners losing everything. Irma evacuees heading to nursing homes,infrastructure_and_utility_damage
 # Irma ,infrastructure_and_utility_damage
" Earthquake damage in Mexico is far from over. After all,...",infrastructure_and_utility_damage
" California wildfires : 1,400 buildings still without power",infrastructure_and_utility_damage
 Northern California wildfires # news,infrastructure_and_utility_damage
 RT @HudsonEarthquake : The latest news from Harvey # New # Mexico.,infrastructure_and_utility_damage
" # California wildfires : Some 80,000 homes are without power -",infrastructure_and_utility_damage
" RT @NBCNews : Harvey devastation could cost $ 13 billion, says National Flood Insurance Program spokesman",infrastructure_and_utility_damage
" RT @NWS_USA : Tornado s eyeing Irma s eye may have created temporary damage, but officials say it could be a blessing",infrastructure_and_utility_damage
 Photos show flooded neighborhoods in Puerto Rico - # Reuters,infrastructure_and_utility_damage
 California wildfires destroying thousands of homes # news # news # news,infrastructure_and_utility_damage
 Photos: California wildfires show extent of damage,infrastructure_and_utility_damage
 # RT @CNN : The Latest : Mexico City Earthquake : 100 dead,infrastructure_and_utility_damage
 How many people were displaced by Harvey?,infrastructure_and_utility_damage
 RT @FCC : At least 100 homes and businesses remain without power following the Irma power outage,infrastructure_and_utility_damage
 Harvey s destruction - and its impact on Houston s economy,infrastructure_and_utility_damage
 Mexico s deadliest earthquake in recorded history brings death toll to at least 350,infrastructure_and_utility_damage
" We hope that you will support this effort with donations to Hurricane Harvey victims. In return for a donation, we will keep the work that you do in your capacity as a civil rights leader focused on our # blacklivesmatter # # community",infrastructure_and_utility_damage
 Mexico earthquake : The # MexicoEarthquake is the worst since a devastating # MexicoTribuneEarthquake of # 1980s,infrastructure_and_utility_damage
 So it looks like the road to recovery will start in Puerto Rico. ( RT @NateDee : @thesavernews - A $ 2.2 billion fund to rebuild a devastated island has been approved by Congress.,infrastructure_and_utility_damage
 Hurricane Maria has opened up a rut for Harvey # litecoin,infrastructure_and_utility_damage
 Video shows California wildfires destroying homes in # Tamaulipas,infrastructure_and_utility_damage
 # Harvey : Homes damaged or destroyed by Hurricane # Harvey # California # California,infrastructure_and_utility_damage
 RT @CBCNews : Harvey - ravaged Houston braces for unprecedented flooding ; wildfires raging,infrastructure_and_utility_damage
" @TMZ : Hurricane Irma makes landfall on Florida State University campus today. Some 40,000 homes are without power",infrastructure_and_utility_damage
 # HurricaneMaria - Hurricane Irma hits # Cuba with powerful winds : RT @MFAJE ,infrastructure_and_utility_damage
 US Military Deploys Thousands of Marines to Puerto Rico to Support the Recovery Efforts,infrastructure_and_utility_damage
" California wildfires kill more than 100,000 people",infrastructure_and_utility_damage
 Hurricane Irma : California trees.,infrastructure_and_utility_damage
 RT @CNBCNews : Hurricane Irma : Key neighborhoods in need of $ 100 million to rebuild # lnnerland,infrastructure_and_utility_damage
" After # HurricaneMaria # Irma, # California is still a mess, @GovPalmieri calls attention to progress made by local government to aid victims # ca",infrastructure_and_utility_damage
 RT @nypost : Hundreds dead after hurricane Irma ravages Caribbean # nytimes,injured_or_dead_people
 RT @CNN : Some people died after devastating earthquake hit Mexico. - #,injured_or_dead_people
" Two dozen confirmed deaths, over 200 still missing, Puerto Rico on brink of long road to recovery",injured_or_dead_people
" RT @USNavy : Iran, Iraq Iraq, Sri Lanka and Sri Lanka find dead in earthquake as death toll reaches hundreds",injured_or_dead_people
" California wildfires : Some 20,000 structures, 6,000 people killed, 1,200 still missing",injured_or_dead_people
 Florida school district sends out letter to school kids saying kids have died from Hurricane Irma,injured_or_dead_people
.@jw_pr # HurricaneMaria death toll rises to 75 in Dominica.,injured_or_dead_people
 RT @abcnews : A 9/11 death toll rises to 32 - but victims are not among those killed,injured_or_dead_people
" RT @BattlegroundNews : U.S. Army Sgt. Bergdahl, who had been held by Taliban in remote Helmand province, has been found dead, a U.S. official confirmed",injured_or_dead_people
 More than 300 killed and more than 600 wounded in Iran # earthquake # Iran,injured_or_dead_people
 Iran - Iraq earthquake : death toll in Iran rises to 90 -000,injured_or_dead_people
" RT @TheDailyBeast : Hurricane Maria death toll reaches at least 170, including 10 children",injured_or_dead_people
 Irma : Mexico Earthquake : Death toll from powerful earthquake near Mexico City tops 150,injured_or_dead_people
 @LATimes News : Mexico earthquake victims are being cared for in Houston ;,injured_or_dead_people
" Mexico Earthquake : 4 Dead, 250 Injured",injured_or_dead_people
" # US # California # wildfires kill 13, nearly 300 lost ; 1 woman killed and more than 200 # news # fire # sos",injured_or_dead_people
 Harvey : Death toll rises to 21 after Harvey s landfall,injured_or_dead_people
 Fire destroys neighborhood in Mexico City,injured_or_dead_people
 Texas wildfires : # Irma kills 11 in the,injured_or_dead_people
 The World Bank Warns $ 350 Billion to Pay $ 1 Trillion in Damages to Iran After Earthquake,injured_or_dead_people
" Hurricane Maria, the death toll climbing from Puerto Rico, continues to rise",injured_or_dead_people
 Hurricane Irma claims at least 11 lives in Florida,injured_or_dead_people
 Death toll from Mexico earthquake climbs to 225,injured_or_dead_people
 Mexico s Earthquake : Victims Face No Relief,injured_or_dead_people
 RT @CatsRescue : Irma s death toll tops 200. # RT,injured_or_dead_people
"  Hurricane Maria death toll reaches 70, official says",injured_or_dead_people
 @JAXNews It was a deadly blizzard that hit Mexico yesterday.,injured_or_dead_people
" A girl, 16, from Mexico killed by powerful earthquake in May",injured_or_dead_people
" Iran - Iraq earthquake kills 784, injures 1,400, % rise in death toll ( via AP",injured_or_dead_people
" RT @Catchfire : Mexico earthquake : 8 dead, 3 seriously injured in # MexicoCity quake",injured_or_dead_people
 Hurricane Irma leaves 5 death toll ,injured_or_dead_people
 Puerto Rico Earthquake Survivors Find New Ways of Life | Daily Mail,injured_or_dead_people
" Mexico s earthquake: Latest toll has risen to 225, according to official...",injured_or_dead_people
 RT @washingtonpost : A California teacher dies in California wildfires,injured_or_dead_people
 RT @RT_com : Harvey evacuees have seen their cars flooded with water....,injured_or_dead_people
" Hurricane Irma : Death toll jumps to 5 with over 10,000 still missing",injured_or_dead_people
" # RT @CNN : Iran, Iraq say earthquake has killed more than 2,000 people # Iran # Iraq",injured_or_dead_people
 Hurricane Irma deaths continue to rise in Puerto Rico.,injured_or_dead_people
"  # Harvey death toll up to 70, # Mexico earthquake toll near 200 # US News",injured_or_dead_people
 RT @EddieTorres : A new death toll from # Irma rises to 4.,injured_or_dead_people
 Hurricane Irma : Most of the dead in Georgia are animals # animallife,injured_or_dead_people
" RT @wsbtv : Woman killed in Puerto Rico, 1 in stable condition",injured_or_dead_people
 Over 400 dead in Mexico earthquake,injured_or_dead_people
 RT @KATV : A young family lost everything to California wildfires. # KATV,injured_or_dead_people
" RT @Reuters : Mexico earthquake toll tops 5, with many dead, hundreds injured -",injured_or_dead_people
 Hurricane Maria kills at least 200 people in Puerto Rico,injured_or_dead_people
 Two killed in California wildfires ,injured_or_dead_people
 # Harvey death toll reaches 40 as death toll from # Irma tops 200,injured_or_dead_people
" RT @Yahoo : RT @Yahoo : Children dead in California wildfires, 2 teens in hospital",injured_or_dead_people
 Hurricane Irma : Two death tolls so far as officials confirm,injured_or_dead_people
 Irma Survivors Donate All Their Lives,injured_or_dead_people
 The death toll in Mexico s worst earthquake. Just in: 7 dead,injured_or_dead_people
 Puerto Rico,injured_or_dead_people
 Hurricane Irma Death Toll Over 500 In Florida # CNN,injured_or_dead_people
 Texas State Troopers Fire Multiple Wildfires Over a Week in a Row,injured_or_dead_people
 RT @CbsNews4WC : Two students died in # Irma. At least three others were rescued # news,injured_or_dead_people
 New Mexico Death Toll in Death of Teenager in California Wildfires Rise as High as 50,injured_or_dead_people
 Mexico Earthquake Death Toll Up To 200,injured_or_dead_people
 Puerto Rico : Death toll of a week and half at 79 ,injured_or_dead_people
 Death toll from # HurricaneMaria rises to 21 # RT @ABC13,injured_or_dead_people
 RT @Reuters : Mexico Earthquake Victims Are Relieved,injured_or_dead_people
 RT @kdvr : California wildfires scorching homes & gutting businesses # news,injured_or_dead_people
" 9 dead, 2 still missing after California wildfire : California fire officials say at least 17 dead, 150 missing",injured_or_dead_people
 RT @KSL : Hurricane Maria killed at least 60 in Dominica,injured_or_dead_people
 RT @thesider : Harvey death toll rising to 33,injured_or_dead_people
" Hurricane Maria deaths, death toll rises to over 100, including a school teacher",injured_or_dead_people
  F icha s death toll from Mexico earthquake rises to 15,injured_or_dead_people
 At least 11 dead in California wildfires as death toll climbs to 90,injured_or_dead_people
 Death toll rises as earthquake hit Iraq | RT,injured_or_dead_people
" Hurricane Maria leaves over 150 dead, but more still missing",injured_or_dead_people
 RT @WGNRadio : Fire threatens the life of a California couple as they sleep on a mattress after their apartment caught on fire in Harvey,injured_or_dead_people
" RT @DailyCaller : At least 2,000 dead in Mexico s earthquake, with at least 100 missing # nytimes",injured_or_dead_people
 The death toll from # Mexico s earthquake rises to 225!,injured_or_dead_people
 Mexico earthquake : Most dead and many missing in Mexico s civil war,injured_or_dead_people
 RT @Newsday : Iraq : The Latest : More than 500 killed in Iraq earthquake,injured_or_dead_people
 Photos : Mexico earthquake : People trapped on high in the ruins,injured_or_dead_people
 # FloridaAHPaide : Three killed in wildfires in Southeast Florida,injured_or_dead_people
 RT @Reuters : The death toll from Mexico s earthquake in Oaxaca tops 800,injured_or_dead_people
 Mexico Earthquake : Two dead and 150 missing,injured_or_dead_people
" My name is @paula_rachlin, and I love my neighbors and all of those that were affected by this massive fire",injured_or_dead_people
 Deadly California wildfire kills 8 # NBC13 pic.twitter.com/YW9fYJqJT9X — NBC13 News,injured_or_dead_people
" @NBC4 I still have my cell phone connected to my apartment and a bunch of fire trucks, so my phone says ""a couple of people are dead.""",injured_or_dead_people
 RT @fox7now : A powerful earthquake in central Iran kills dozens.,injured_or_dead_people
 A deadly outbreak of wildfires has killed more than 300 in California,injured_or_dead_people
" Iran earthquake kills more than 250, destroys homes and hotels # Iran",injured_or_dead_people
 California wildfires : California wildfires kill 57,injured_or_dead_people
" After Irma destroys everything in his path, Florida man s house starts to fall apart",injured_or_dead_people
" # IranNews : At least 36 dead after earthquake hits western Iran, reports say",injured_or_dead_people
" Irma killed more than 10,000 people in Cuba as it made landfall in Florida",injured_or_dead_people
 Earthquake kills 6 & injures >400 people near Iran Iran - Iraq border # USNews,injured_or_dead_people
 RT @USCharter : Wildfires ravage a California state forest # news # wildfire,injured_or_dead_people
" Florida fire kills at least 2 people, toll climbs to 18",injured_or_dead_people
.@FoxNews : At least 57 killed in California wildfires,injured_or_dead_people
 Death toll in wildfires in California climbs to more than 300,injured_or_dead_people
 Mexico Earthquake - Sends Two To Hospital,injured_or_dead_people
" Earthquake shakes central Iran, kills thousands",injured_or_dead_people
 @josephscott5 @kcbs8 @FOX8TIX @KTVB7,injured_or_dead_people
 RT @News_SquawkBox : 5 confirmed killed by Hurricane Maria in the island of Dominica,injured_or_dead_people
 RT @FOX2now : Florida # Harvey death toll climbs to 27 in a single day,injured_or_dead_people
" RT @FOX6NY : # HurricaneMaria : 17 reported dead, 200 missing ; @TheTimesPicayune @CBSNewYork reports s # Irma death toll is 100",injured_or_dead_people
 RT @PWNews : Hurricane Maria death toll leaps to 217 ,injured_or_dead_people
" Irma Victims Remain Alive - Over 10,000 Dead # Irma",injured_or_dead_people
" A tornado killed a couple in Georgia, but no death tolls",injured_or_dead_people
 @realDonaldTrump @SethWatkins How did this happen in California? @CBSDFW,injured_or_dead_people
 7 killed and 58 wounded in Mexico earthquake,injured_or_dead_people
" RT @thehill : Latest : 11 fatalities, 17 people missing from earthquake, devastation in Sri Lanka",injured_or_dead_people
 Photos From Mexico City Earthquake : People Search In Shock,missing_or_found_people
 Texas family finds toddler alive in submerged yard after a storm ripped through Mexico,missing_or_found_people
 @fox10news The FOX NEWS Crew was at Wrigley Field on Monday to learn more about the possible causes of death of the children in Puerto Rico.,missing_or_found_people
" RT @CBSDFW : Texas fire still not out as families flee, officials say",missing_or_found_people
 RT @BRIAN_KURTIS : Death toll in California wildfires rises to 22,missing_or_found_people
 Texas church survivor talks about her faith and suffering after the Hurricane Harvey devastation,missing_or_found_people
 RT @CNN : US official confirms death of one of Iraq # Mosul victims,missing_or_found_people
 Family of victim of California wildfire is searching for pets after pets lost due to the wildfires,missing_or_found_people
"  Hurricane Maria, Maria s devastation, is now beyond sight",missing_or_found_people
" Hurricane Irma : New research finds thousands feared in south Florida, experts say",missing_or_found_people
,missing_or_found_people
.@USIServices sends family members missing after being deployed in Iraq,missing_or_found_people
 # Mexico Earthquake : At least 200 killed as Mexico City buildings crumble # news,missing_or_found_people
 RT @Yahoo News : Hurricane Maria death toll rises to 79,missing_or_found_people
 In Search of Life After Hurricane Irma,missing_or_found_people
 FOX NEWS : Family members searching for relatives of missing 4-year-old girl have found a safe house in Mexico,missing_or_found_people
 Mexico Earthquake Survivors Need Your Help,missing_or_found_people
 Missing children who escaped Mexico earthquake : Family reunites with lost pup,missing_or_found_people
 Searching for loved ones of those who lost their homes in # HurricaneMaria,missing_or_found_people
 @KPRC2 @CBS6 I think we all have a chance to see # Harvey # Irma. # KPRC2,missing_or_found_people
 We had no idea this was so far away but...,missing_or_found_people
 # California : Two missing in # California # fire.,missing_or_found_people
 RT @US_Army : RT @USACEIA : @USACEIA A search and rescue unit is searching for a missing schoolgirl after Hurricane Irma,missing_or_found_people
 A woman has survived a plane crash in southern Mexico while her 4 yr old daughter survives in the rubble.,missing_or_found_people
 RT @USNews : Hurricane Harvey survivor s family struggles to rebuild - in the sand,missing_or_found_people
 RT @The_RalphRetort : At least 6 people are confirmed dead after a magnitude 7.1 earthquake in Mexico,missing_or_found_people
 One man found safe after Harvey flooding in Louisiana,missing_or_found_people
 In Mexico City,missing_or_found_people
 Earthquake : Iran quake s killing toll a dramatic blow to Iran economy,missing_or_found_people
 RT @POTUS_Polls : What you need to know about the latest Hurricane Maria cleanup underway.,missing_or_found_people
 Hurricane Maria hit Caribbean islands to devastated people,missing_or_found_people
 RT @jasonwj: My daughter was found in San Juan with a piece of luggage washed out on her shirt,missing_or_found_people
 RT @LATimes : Mexico earthquake victims don't need relief : a guide to how to help,missing_or_found_people
 RT @NavyTimes : Navy rescues a Puerto Rico child after a sinker hit # harvey,missing_or_found_people
,missing_or_found_people
" Hurricane Maria : Children killed, injured as the powerful storm rages near their homes # abc13",missing_or_found_people
 @KPRC2 I had my phone and then my daughter arrived ,missing_or_found_people
 Missing : A search party searches for family members,missing_or_found_people
 RT @CNN : # Texas wildfire : Officials to distribute food to residents,missing_or_found_people
 RT @AceNews : The latest on rescue efforts in Mexico # Irma # harvey # maria,missing_or_found_people
 Woman found dead in California wine country near wine country,missing_or_found_people
" RT @AOMNews : IraniNews : Over 500 people have been rescued from the earthquake, Iraq",missing_or_found_people
 RT @NBC14 @NBC14LA : More than 200 families were evacuated from homes after # Harvey # RT @NBC14LA : @NBC14LA,missing_or_found_people
 RT @kirillosvinson : Wildfires scorch hundreds of thousands of acres in California -,missing_or_found_people
 The # HoustonRelief team has received several reports of Harvey victims. Please support them.,missing_or_found_people
 RT @HuffPost : Harvey & Irma: Here s what we know so far,missing_or_found_people
 RT @TheBlaze : RT @abc13houston : A.@HoustonABC : One girl was rescued from flooded homes by @HoustonStrong # Harvey,missing_or_found_people
 Hurricane Maria survivors in Mexico find themselves in the middle of civil war,missing_or_found_people
 # ICYMI : Wildfire survivors make first return to # California! @News4Jax,missing_or_found_people
 RT @CBCNEWS : The island of Dominica is still recovering from a powerful earthquake that hit over a week ago,missing_or_found_people
" US official, official: # Harvey victims don't need more help.",missing_or_found_people
" Hurricane Irma is sending death toll to 3,000",missing_or_found_people
 Two dozen killed in Puerto Rico earthquake,missing_or_found_people
" Texas floods kill 2, but death toll climbs to 60",missing_or_found_people
 Some parents of 2 missing in Puerto Rico,missing_or_found_people
" RT @TheWorldnews : One mother loses her son, 2, in Mexico earthquake",missing_or_found_people
 RT @abc7texas : Inmates say # Harvey ravaged buildings - how did Harvey start?,missing_or_found_people
 RT @NBCMiami : Family of girl rescued from flooded neighborhood in Mexico,missing_or_found_people
 # MexicoEarthquake : Hundreds dead in Mexico,missing_or_found_people
 Texas wildfire : Residents search for loved ones,missing_or_found_people
 Hundreds have died in Mexico s recent earthquake,missing_or_found_people
 RT @BBCCNBC : Puerto Rico governor declares death toll at least 180,missing_or_found_people
 RT @WSBTV : Two men rescued from floodwaters after Tropical Storm Harvey,missing_or_found_people
 RT @USIRS : Mexico earthquake victims now feared dead - # irs,missing_or_found_people
 Aftermath of earthquake in southern Mexico,missing_or_found_people
 RT @maggie_sherlock : @ABCNEWS My daughter missing in Mexico - and not her own,missing_or_found_people
 RT @foxnews : # HurricaneHarvey - victims were washed out on a beach in # Barbuda # lisa3,missing_or_found_people
 RT @SJ_News : People were evacuated from a hospital after a earthquake hit a town in Iraq,missing_or_found_people
 Two victims of Harvey,missing_or_found_people
 One woman finds her dog reunited with her lost kitten,missing_or_found_people
 California,missing_or_found_people
 RT @EQnet : Family missing after Mexico earthquake claims relatives,missing_or_found_people
" Mexico earthquake : More than 200 dead in earthquake, thousands homeless",missing_or_found_people
 California students say they survived Hurricane Harvey : Family members.,missing_or_found_people
 Family still searching for loved ones who vanished from Mexico s earthquake,missing_or_found_people
 A post from the University of California Santa Cruz Police Dept. : Family members searching for loved ones missing in California wildfires,missing_or_found_people
 Local officials urge evacuees to seek shelter from Harvey s deadly wind,missing_or_found_people
 Florida Man Lost During Hurricane Irma Storms Is Alive and Well...,missing_or_found_people
 California firefighter helps rescue from collapsing building after devastating wildfires,missing_or_found_people
 RT @CBS2 : Florida families search for victims of Harvey as floodwaters recede,missing_or_found_people
 Searching for the missing from Northern California wildfires,missing_or_found_people
 RT @Navy_News : RT @Palo Alto_Sun : # PuertoRicoPuertoRico # News,missing_or_found_people
 RT @womensmagazine : A group of California students are helping California students searching for lost dogs.,missing_or_found_people
 Texas church shooting mourns victims - video,missing_or_found_people
 A man missing in Texas after his apartment went missing.,missing_or_found_people
 Hurricane Irma : Hundreds Missing in Caribbean - Born To Lose HomeA,missing_or_found_people
 California wildfires : One girl and a neighbor survive amid massive brush fire,missing_or_found_people
 # HurricaneHarvey : A survivor from # Moro tells @Dailymail how he survived a power outage during # Harvey,missing_or_found_people
" RT @News24 : Photos of earthquake victims in Iran, Iraq, and Sri Lanka ",missing_or_found_people
 Police search for two missing California wildfires,missing_or_found_people
" Puerto Rico s wildfire victims face dire conditions, lack of supplies",missing_or_found_people
 Florida officials searching for missing family in Florida for Harvey victims,missing_or_found_people
" # RT @EmpowerUK : Britain joins Ireland, New Zealand in joining # earthquake search & rescue efforts",missing_or_found_people
 US Navy rescues hundreds of people stranded by # Irma # VirginIslands,missing_or_found_people
 RT @Yahoo : Woman s dog gets hit by truck on its way to church during Hurricane Maria evacuation,missing_or_found_people
" My # California, # Florida neighbors, @lonelygirl @WPLGLocal",missing_or_found_people
 # Californiafires : Residents flee in horror from huge blaze,missing_or_found_people
 California wildfires : 10 deaths due to California wildfires,missing_or_found_people
,missing_or_found_people
 Families recover dogs found in flooded homes in Irma - stricken Florida,missing_or_found_people
 Earthquake survivors trapped by landslides return home to search for family,missing_or_found_people
 Mexico earthquake survivor says Mexico could see flood of missing people in days,missing_or_found_people
 I AM COMING FOR FREE : My daughter survived in one of Puerto Rico s most deadly wildfires,missing_or_found_people
 # California wildfires burn at a rate of about a hundred a week # ABC7SF,missing_or_found_people
 Two # earthquake survivors return to Texas to find shelter,missing_or_found_people
 Hurricane Maria : A couple survived the storm.,missing_or_found_people
" Wildfires continue to rage in California, killing more than 60",missing_or_found_people
" # Wildfire : Many are without homes and in danger, says emergency services report",missing_or_found_people
 RT @SciFiNow : Florida woman returns to her home with a lost puppy after a major earthquake,missing_or_found_people
.@realDonaldTrump : Texas fire victims in California hospital await rescue,missing_or_found_people
 RT @CNN : Puerto Rico earthquake victims return to their homes,missing_or_found_people
 # FOX6Houston,missing_or_found_people
 RT @TheStreet : Florida man finds dead dog in hurricane debris in South Carolina,missing_or_found_people
" Missing Person Family Confirms Death Of Woman Found On Lake Michigan --,",missing_or_found_people
" RT @CNN : Irma hit in Florida first,.... with",missing_or_found_people
 RT @News6Jax : RT @News6Jax : RT @News6Jax : Two men missing after a landslide hit a coastal village in Bangladesh,missing_or_found_people
 My friend - a man who is in Mexico waiting for a bus. # MexicoEarthquake,missing_or_found_people
" After a couple of days, we have been hearing of more bodies # Harvey # Irma",missing_or_found_people
 Another family hit by Irma,vehicle_damage
,vehicle_damage
 RT @kcstar9 : Fire burned a large chunk of the roof of a house in downtown San Juan,vehicle_damage
" Florida officials are reporting as many as 11 fatalities from Irma, and they are asking you to please help.",vehicle_damage
 Photos show destruction caused by Hurricane Irma in Miami.,vehicle_damage
 RT @CBS6 : Two cars washed up on Florida Bayou Donor Way after Hurricane Irma,vehicle_damage
" RT @POTUS : We must not forget Mexico City, Mexico s 7.2 magnitude earthquake.",vehicle_damage
 Hurricane Irma : Where were you heading when the storm hit?,vehicle_damage
 Florida home that had fire damage reduced to a $ 10k home is saved,vehicle_damage
" # HurricaneHarvey - In Texas, Hurricane Harvey damaged homes, destroyed crops, ruined vehicles # lt",vehicle_damage
 The destruction caused by Hurricane Irma # NewsNews #Politics,vehicle_damage
 How @FLTtoday,vehicle_damage
 A # California man claims a neighbor has been hit by # Irma # vehicle,vehicle_damage
" Watch for # Harvey in # TX, where we will be looking for debris in the dark.",vehicle_damage
 RT @CNN : Irma kills 7 people and damages over 300 others in Florida,vehicle_damage
 # DTMobil,vehicle_damage
 # Tesla will rebuild my car in Mexico after the earthquake,vehicle_damage
 RT @VoyageLa : The wind blew through the gate and hit the back of our pickup truck,vehicle_damage
.@tweetsunemployee shares # Irma photos from Irma evacuees and evacuees,vehicle_damage
" Hurricane Irma damage reported in Puerto Rico, Mexico",vehicle_damage
 Injured in Irma aftermath # FloridaHurricanes,vehicle_damage
" FSU man, 14, dies in tree in Seminole",vehicle_damage
" A couple years ago my mom had a couple car insurance issues. So when she needed help,",vehicle_damage
" RT @wfaxtv : A California fire chief calls # Harvey a ""wild west"" in # Irma # IrmaReport",vehicle_damage
 A picture of my bike smashed into by a tornado in California.,vehicle_damage
" California wildfires destroy homes, cars and more",vehicle_damage
" Florida man named best in U.S. for saving 2,500 homes from Irma",vehicle_damage
" US # HurricaneMaria, # Irma : # US # Electricity Industry",vehicle_damage
 Harvey damage caused by tree fire : # FOX6 Now # FOX6,vehicle_damage
 RT @wsvn : One of our neighbors lost everything - home and all she had. # Irma,vehicle_damage
 Irma sends power crashing to Mexico as experts assess storm damage,vehicle_damage
 @LanceSmith_ # Irma @USGS Irma damages and causes flooding in Naples. # news,vehicle_damage
" Photos : California wildfires ravage farms, homes",vehicle_damage
 The # Irma flooding is the worst we have seen since Irma. @WJXT # Jacksonville,vehicle_damage
 RT @Carson_Smith : Cars and cars destroyed as wildfires reach California...,vehicle_damage
 RT @WOWT12WYX : Three dogs lost in Mexico earthquake,vehicle_damage
 # tornado # hurricane # southerners,vehicle_damage
 This picture from an earthquake : # CaliforniaA,vehicle_damage
 California wildfires : Wildfires that rages in a canyon,vehicle_damage
 More wind s storm debris washed ashore in California.,vehicle_damage
" RT @fema : Florida floods remain s worst, but more relief expected",vehicle_damage
 The fire could spread to Mexico City as far as Austin,vehicle_damage
 RT @abc7news : Hurricane Irma destroyed our home in Boca Raton.,vehicle_damage
" @miaminews my house was upended by a plane,",vehicle_damage
 # HurricaneHarvey ,vehicle_damage
 The extent of Hurricane Maria destruction from Puerto Rico to Key West.,vehicle_damage
" Flooding, winds have caused flooding in California's Santa Cruz, Santa Rosa counties ",vehicle_damage
 A # IranAirlines plane exploded in # Iraq today in the worst collision of our time,vehicle_damage
 California wildfire - # news in pictures # ltd,vehicle_damage
" Two people, killed in a California wildfires that destroyed tens of thousands of acres",vehicle_damage
 @thehill. @USACE @USACEIRM,vehicle_damage
 Hurricane Irma : How # Texas communities rebuild from flooding,vehicle_damage
 Hurricane Irma Photos : Photos from the ravaged Florida Keys,vehicle_damage
" California wildfires kill at least 42, top 10 state ",vehicle_damage
 # California : Two fires destroying thousands of homes in Napa County # news # California # suntimes,vehicle_damage
 A # California fire burns over 500 acres # news,vehicle_damage
 More Photos : Deadly # Harvey flooding ravages Harvey # hurricaneharvey,vehicle_damage
 Two vehicles burst into flames during heavy rainstorm in Mexico City,vehicle_damage
" @GazetteNews @SOCNews you guys should check this story out, it really just showed how bad Irma is hitting Florida -",vehicle_damage
.@FoxNews - # Harvey hit Texas on Monday and it took more than a week for everything to return to normal # aww @fox6tv,vehicle_damage
  # IranAir hit by # Hurricane Harvey.,vehicle_damage
 RT @HeraldHerald : Irma : Photos of a burned-out barn destroyed by # HurricaneIrma,vehicle_damage
 A girl struggles to survive her car in Irma aftermath.,vehicle_damage
 Irma debris still left over after Irma @ABCNews,vehicle_damage
 RT @WXIA : Truck driver killed after Hurricane Harvey sinks into Bayou Corne,vehicle_damage
 Fierce Hurricanes Irma and Maria destroyed my cars,vehicle_damage
 RT @TODAY_TODAY : Tesla cars and batteries still on the road in Mexico after devastating earthquake,vehicle_damage
 Local residents post photos of Harvey damage,vehicle_damage
 Irma Damage : Two Dead In South Florida ; Harvey Floods Hit Hard,vehicle_damage
" # Harvey damage from the powerful storm is increasing, more likely to happen in a couple weeks. It will be a couple weeks, I hope",vehicle_damage
 Local farmers return to crops to repair damage caused by Irma,vehicle_damage
 RT @Eddie_Kelsey : Video shows devastation after # Irma in Florida,vehicle_damage
 @TheDailyDose is reporting that all of my cars are now flooded due to Hurricane Irma.,vehicle_damage
 This is how Irma destroyed a lot of my apartment # sccn @SFGate,vehicle_damage
 RT @thedailybeast : Two trees have collapsed as a result of # Harvey # Harvey ,vehicle_damage
" RT @CMDnews : Mexico quake damage : Photos show debris, s - - - t...",vehicle_damage
" Floodwaters flooding San Juan, Puerto Rico from Irma",vehicle_damage
 RT @fox13ny : Many of the damaged cars still missing # Harvey are trapped at the top of mountains...,vehicle_damage
 The neighborhood you need to find in Puerto Rico,vehicle_damage
 # Irma hit the Florida Keys but here we are (,vehicle_damage
 RT @KFGH : A sign from Hurricane Irma : Don't drive into power lines,vehicle_damage
 RT @Yahoo : Mexico Earthquake : Death toll to hit 100 as thousands flee for Mexico City # yahoo,vehicle_damage
 # tornado s destructive reach reaches New York and Virginia,vehicle_damage
 USA Helicopter Crews Deploy Air Force Helicopter to Puerto Rico. #,vehicle_damage
" Hurricane Irma destroys homes, kills four in Florida",vehicle_damage
 Massive collapse of a bridge is causing havoc in Puerto Rico,vehicle_damage
" At least 20 killed in earthquake near Iran, Iraq - pictures",vehicle_damage
" Hurricane Irma - Damage In Miami : Cars Driven Into A Field,",vehicle_damage
" Irma hits home : @News10Herald Irma was in my yard, next door. I had to get out. # news",vehicle_damage
 New video shows the damage of Hurricane Maria in Puerto Rico,vehicle_damage
 Photos from Hurricane Maria flood - hit Dominica,vehicle_damage
 Hurricane Maria : Hurricane Maria is a big fat trash heap,vehicle_damage
 # HurricaneHarvey : A Florida woman climbs through a collapsed car in Puerto Rico,vehicle_damage
" RT @NexusUSA : Injured from Harvey, Texas",vehicle_damage
 RT @FIA : California wildfires have burned thousands of acres,vehicle_damage
" Harvey victims to get help, shelter, and advice",vehicle_damage
 Hurricane Irma : US Navy deploys US coast guard amid impact of hurricane,vehicle_damage
 First Day of # HurricaneMaria # Irma damage ,vehicle_damage
 # HurricaneMaria : How powerful and catastrophic are the deadly effects of a hurricane on the elderly,vehicle_damage
 Earthquake killed 80 in # Iran # Iraq # Iran,vehicle_damage
" A week after Irma, thousands of homeowners struggle to rebuild",vehicle_damage
 Hurricane Irma : Florida community faces devastating cleanup from Hurricane Irma,vehicle_damage
 @Fox7Denver RT @fox7now : # Iran - Iraq earthquake : Injured are being rushed to hospitals ; many missing in the ruins,vehicle_damage
 Cars stuck in the rain as # HurricaneMaria destroys homes,vehicle_damage
 A driver tells her story of driving down a highway when she lost control. # Irma,vehicle_damage
 RT @TMZ : @CBS6 Houston. It happened a little less than a mile from # Harvey camp.,vehicle_damage
 Hurricane Irma : Photos show massive destruction,vehicle_damage
 # Iran earthquake: # IranAthletics students evacuated from school in # Tehran after # earthquake # IranAthletics,vehicle_damage
 RT @fox5atl : RT @FOX5atl : The sky is black now as hundreds of thousands have lost everything in Hurricane Maria,vehicle_damage
 A wildfire near our home burns its way across the US Virgin Islands -,vehicle_damage
 RT @fox6now : Cars destroyed in # Houston amid storm Harvey # FOX6Now,vehicle_damage
 @NBCNews reports the fire damaged cars and other items in # Irma. It appears people evacuated as shelters were built. # live # News,vehicle_damage
 RT @NWSWA : California wildfire victims hit hardest by # Harvey,vehicle_damage
 Harvey devastation photos that tell a story,vehicle_damage
 Mexico : Earthquake hits border town with high-water mark,vehicle_damage
 RT @WJLA : A California couple has lost everything after a vehicle slammed into a fence in Southern California,vehicle_damage
 RT @mwilson4,vehicle_damage
 @TOM_BURROUGH I heard a loud siren and a couple of cars are hit... it could have been worse,vehicle_damage
 Watch: First responders rescue thousands of Puerto Ricos from the storm,vehicle_damage
 A drone drone footage of Puerto Rico,vehicle_damage
 RT @TheCityJournal : Thousands still trapped in crumbling house after # HurricaneMaria,vehicle_damage
 Fierce Hurricane Irma wind gusts hitting 90 mph in central Florida : @fox13fl,vehicle_damage
 @JuanVillegas@JVC @NPSI @JCCAFL : Harvey is the worst hurricane in recent memory ,vehicle_damage
 Video shows cars toppled over after Hurricane Irma s powerful winds knocked them off their road,vehicle_damage
IFRC launches emergency appeal to help flood-affected people in Sri Lanka #humanitarian #newzealand #auckland https://t.co/cs9RhWsMuF,rescue_volunteering_or_donation_effort
"Bangladesh donates US $500,000 for Sri Lanka floodÂ victims https://t.co/eabOqVqesF https://t.co/AJQSrEPMud",rescue_volunteering_or_donation_effort
Aggregated losses from Cyclone #Mora expected to exceed $100m https://t.co/2zOrNObbJW #ImpactForecasting https://t.co/qIrXxGHL3K,infrastructure_and_utility_damage
Relief Measures: Swrr Assists For Cyclone Mora Victims https://t.co/Z7WlOQpd2M https://t.co/8NfnwWWSIp,rescue_volunteering_or_donation_effort
Pakistan Navy extends relief activities to flood-stricken Sri Lanka https://t.co/xDIdxxefAp https://t.co/CYdpv4SZJ2,rescue_volunteering_or_donation_effort
24 more #mora survivors rescued https://t.co/t4djCISciZ https://t.co/ceiVcwIQGb,missing_or_found_people
RT @shafiur: Misery in the #rohingya #refugee camps after Cyclone Mora. Walls and roofs blown away. #bangladesh https://t.co/QpA6DmNvyS,infrastructure_and_utility_damage
RT @PartnersRelief: Cyclone Mora has decimated #Rohingya shelters in their coastal camps. https://t.co/aMaK9Vx4db,infrastructure_and_utility_damage
Mudslides and #floods cause devastation in #SriLanka â€“ in pictures https://t.co/7RixAVaGxh https://t.co/Znna8RWc5C,infrastructure_and_utility_damage
Thank you #Italyá¼žEá¼Ÿ9 for supporting WFP efforts to help the people affected by floods and landslides in #SriLanka á¼Ÿ1á¼Ÿ0 https://t.co/XbqNAwyaw2,rescue_volunteering_or_donation_effort
More #SriLanka PM assures to restore roads and infrastructure damaged by floods soon https://t.co/QHHvYt5s4K https://t.co/myAyEfDG1f,infrastructure_and_utility_damage
RT @RansaraJey: This guy is building a phone charger with 40 charge ports for flood victims #FloodSL https://t.co/ggGxYm7S9d,rescue_volunteering_or_donation_effort
"Keeping sporting rivalry aside and risking their own lives to save their neighboursâ€™, theâ€¦ https://t.co/UWAKdR4ONd https://t.co/p8ew7pg2hJ",rescue_volunteering_or_donation_effort
Relief Lifeline Extended as Cyclone Mora Leaves More Destruction in ItsÂ Wake https://t.co/WvDT3ZxguL https://t.co/AohFt7hmjc,infrastructure_and_utility_damage
https://t.co/Z4mxTO7fpp Indian Navy carries out relief operations in flood-hit Sri Lanka https://t.co/VUbcpnUwfq,rescue_volunteering_or_donation_effort
Bangladesh Cyclone Mora â€” UNHCR to deliver emergency supplies toÂ refugees https://t.co/iVAmo415Sx https://t.co/sfYE1i6Fvp,rescue_volunteering_or_donation_effort
".@UN agencies call for urgent aid to help people in #Bangladesh, #Myanmar affected by #CycloneMora. https://t.co/C1cDMJXoei",rescue_volunteering_or_donation_effort
"#Mora Kills 3, Displaces Hundreds of Thousands in #Bangladesh https://t.co/voMYpOB6f7 https://t.co/G3u0KO3EJC",injured_or_dead_people
Cyclone Mora: Indian ship with relief materials reaches Chittagong https://t.co/65hGZapJjx https://t.co/nyxv1B85hR,rescue_volunteering_or_donation_effort
Lee Young Ae Revealed To Have Made Donation For Sri Lanka Flood Relief https://t.co/DU6Vq9w9RH https://t.co/9nFDlrcmLz,rescue_volunteering_or_donation_effort
Cyclone Mora has devastating impact on Rohingya Refugee Camps in Bangladesh. Details here: https://t.co/z473rsT0jf https://t.co/MmA6HKcLJQ,infrastructure_and_utility_damage
"RT @RedCrossAU: Our colleagues @BDRedCrescent and over 55,000 volunteers are helping people prepare for #CycloneMora https://t.co/FqpTRo8NZZ",rescue_volunteering_or_donation_effort
Note to those who want to take relief to victims independently. @jessiefer #FloodSL #lka https://t.co/C7ooFTMPoH,rescue_volunteering_or_donation_effort
Flood Disaster in Sri Lanka: A Line of Aid for PregnantÂ Women https://t.co/vcFqRCtrGv https://t.co/r9w8o5srOK,rescue_volunteering_or_donation_effort
SRI LANKA: Authorities race to rescue flood victims as death toll rises toÂ 164 https://t.co/fspIgR0QhR https://t.co/k8Z6Zs4Hl3,rescue_volunteering_or_donation_effort
Flood #SriLanka. Lady explained how she saved family lives but lost house. @NorwayMFA provides assist of USD1.2 mill https://t.co/oQDBXp0en7,affected_individuals
"https://t.co/NO9Qb9dvGi Cyclone Mora: Storm makes landfall in Bangladesh, six killed https://t.co/bm3cPIIVco",injured_or_dead_people
#NOAA Cyclone Mora hits vulnerable Bangladesh https://t.co/4Wi5rSpDV4 https://t.co/ppcXFaTipR,infrastructure_and_utility_damage
Fabric of #SriLanka torn apart by #CycloneMora: @UNICEF https://t.co/nDt7vvZPiw https://t.co/88sYg0fvCe,infrastructure_and_utility_damage
Indian ship delivers aid for cyclone victims https://t.co/kWlUrZT7YZ #burma #myanmar #cyclone #CycloneMora https://t.co/NJpFOIWAXr,rescue_volunteering_or_donation_effort
@alkhidmatorg is the only Pakistani NGO that is in action in Sri Lanka to help flood effected people https://t.co/QMC6jCRYDn,rescue_volunteering_or_donation_effort
"#CycloneMora 200 killed, 100 missing, 70,000 displaced, 600,000 affected 1/2 https://t.co/vUkSEB4u36",injured_or_dead_people
"RT @myanmar_moi: Cyclone Mora wreaks havoc, cuts power in Maungtaw https://t.co/z1RNRkyWDJ https://t.co/efFas2YaPI",infrastructure_and_utility_damage
"EU Provides EUR300,000 To Sri Lanka For Assisting FloodÂ Victims https://t.co/yE9kfzzkJC https://t.co/ViWj18ZQVC",rescue_volunteering_or_donation_effort
#USSLakeErie service members assist in #SriLanka after devastating floods https://t.co/LpQMiGAKjm https://t.co/gzNGBRVViX,rescue_volunteering_or_donation_effort
Delivering Aid to Flood-Ravaged Sri Lanka https://t.co/8cBx5nHw0L #Jewish #SanDiego https://t.co/OHwhMAoqbI,rescue_volunteering_or_donation_effort
RT @ndtv: Over 200 killed in Sri Lanka's worst flood since 2003 https://t.co/IFKlQ6VQE0 https://t.co/2xSSeH34m4,injured_or_dead_people
#Mastercard lends support 2 @WFPâ€™s flood relief efforts in #SriLanka https://t.co/nA8jbqK4HU https://t.co/ww2qgNs0Gp,rescue_volunteering_or_donation_effort
RT @The_Nation: Sri Lanka rushes aid to half a million flood victims https://t.co/IYOSOGrGhH https://t.co/s2fPhIdViv,rescue_volunteering_or_donation_effort
"Cyclone Mora hits Bangladesh, destroys refugee homes | News | DW | 30.05.2017 https://t.co/JT9inYxK5r https://t.co/WyZOZEohLe",infrastructure_and_utility_damage
"#SriLanka floods: 206 people dead, 92 still missing https://t.co/goLNqtiZUX #top #news https://t.co/jJ9YCNSL4S",injured_or_dead_people
"Mora Impact: Port city sees heavy rain, waterlogging #TISNews Click Link- https://t.co/mn9pvB4s1t https://t.co/6ywgXiVJEO",infrastructure_and_utility_damage
"The #flood extent in Kalutara District, #SriLanka, was captured by #TerraSARX on 30 May: https://t.co/LCo1VVKgEZ https://t.co/LdPDcq0UOs",infrastructure_and_utility_damage
#CentralFinance provided medicine for the flood affected communities #FloodSL https://t.co/Zoej4HJmgQ,rescue_volunteering_or_donation_effort
"Cyclone '#Mora' hits Mizoram, damages houses, triggers landslides. https://t.co/x6S3ZdRfgT",infrastructure_and_utility_damage
#UnitedNations appeals for more resources for flood-hit #SriLanka https://t.co/nTjGKqwOPj https://t.co/lQCA1rfAEZ,rescue_volunteering_or_donation_effort
Program to issue ID cards to flood victims Read more: https://t.co/IYpVo2vLHA #lka #srilanka https://t.co/uqs85s05XX,missing_or_found_people
Disaster management officials visit Cyclone Mora affected areas https://t.co/b7eC2oT82x https://t.co/DAd6tsapeX,rescue_volunteering_or_donation_effort
Cyclone Mora to Flood parts of Bangladesh and á½„9https://t.co/SjnNjxVByS https://t.co/9vxoCbyPts,infrastructure_and_utility_damage
Please donate generously for the flood victims of Sri Lanka https://t.co/XuHARrVuAa,rescue_volunteering_or_donation_effort
US to provide Rs350mn #flood relief to #SriLanka https://t.co/wuAN0gqVnB https://t.co/RSg9xHPonx,rescue_volunteering_or_donation_effort
IOM plans more help for flood-hit #SriLanka https://t.co/2yvmMmH9ak #top #news https://t.co/KUQqkaiY9c,rescue_volunteering_or_donation_effort
"#FloodSL Update: Rs. 1,002,500 donated online from 23 countries! Data: https://t.co/yuUDh2pv8I #FloodReliefLKA https://t.co/Y1gbIIUixo",rescue_volunteering_or_donation_effort
"Month after #FloodSL, 17 people in 1 room - https://t.co/iX9A9IixZd @UNICEF_SriLanka #SriLanka https://t.co/ihq6t11KWC",affected_individuals
"RT @dmc_lk: Situation Report as at 0900hours #31May2017 #SLFloods2017 #FloodSL #lka #dmclk 629,742 people affected https://t.co/UC5K3aWb1K",affected_individuals
Govt donates B2m to help flood-stricken SriÂ Lanka https://t.co/lDBVFFuBjf https://t.co/XIqdTSMntn,rescue_volunteering_or_donation_effort
Pak Navy continues Humanitarian Assistance and Disaster Relief Operations in Flood Stricken Sri Lanka. RESPECT https://t.co/LzDAR9i17Z,rescue_volunteering_or_donation_effort
After cyclone #mora #RCY Rangamati is in action with fire service BD. https://t.co/lwiU0DPqT5,rescue_volunteering_or_donation_effort
"RT @mir_sidiquee: Live: Cyclone Mora kills four, crossing over #Rangamati https://t.co/r4SMN7zjRU https://t.co/fKLuPNF2NA",injured_or_dead_people
Indian Air Force plane delivers critical helicopter spare parts for Sri Lankan Air Force #FloodSL @SushmaSwaraj https://t.co/vK1a6MTg1c,rescue_volunteering_or_donation_effort
"#India, #Srilanka have religious relationships. #Indian_Navy playing vital role, to help in fighting flood. à¤œà¤¯ à¤¹à¤¿à¤‚à¤¦! https://t.co/x2vcAm19Fz",rescue_volunteering_or_donation_effort
Authorities and military aid recovery in Mora-hit areas of Rakhine State https://t.co/7i2TclWec2 https://t.co/89Sq3sDOuM,rescue_volunteering_or_donation_effort
"Death toll in flood-hit Sri Lanka hits 202, hospitals to be evacuated https://t.co/4JLY4HWRp0 https://t.co/xSBRuW7rMR",injured_or_dead_people
Pictures of Chinese &amp; Pakistani medical teams working in Floof affected areas #FloodSL https://t.co/Fe3qq8VTbB,rescue_volunteering_or_donation_effort
RT @Alimdaad_UK: Severe Flooding in #SriLanka Our teams assessing the situation today. https://t.co/KWIwCek25v,rescue_volunteering_or_donation_effort
RT @ZIabulHq: Consequences after Cyclone Mora destroyed the Refugees Houses. #Pray_For_Rohingya. https://t.co/NJ7RIsELH7,infrastructure_and_utility_damage
Visiting flood Victimes in Bullathsinhala. @RajapaksaNamal #FloodSL #srilanka #namalrajapaksa https://t.co/lRlBggO49v,rescue_volunteering_or_donation_effort
"Cyclone Mora : 4 killed in Manipur, 140 houses destroyed in Mizoram :: https://t.co/dMlEngezZ4 https://t.co/NIeyQeLkwt",injured_or_dead_people
#FloodSL please help flood victims of #srilanka https://t.co/yLSUKBGsck,rescue_volunteering_or_donation_effort
Mora Leaves A Trail of Destruction Across Teknaf 02-06-2017 https://t.co/1e3NnJqZnW,infrastructure_and_utility_damage
Cleaning wells in Flood affected areas of Praduwa southern Province Srilanka https://t.co/C5parTDpHP,infrastructure_and_utility_damage
RT @ihcdhaka: The 33 survivors of #CycloneMora rescued by #INSSumitra return Home. https://t.co/GypdL6SfZL,rescue_volunteering_or_donation_effort
RT @ndtv: Indian Navy teams join Sri Lanka flood rescue ops as toll reaches 193 https://t.co/ltXGfTu3QA https://t.co/T6DI5FdgVO,rescue_volunteering_or_donation_effort
Chinese companies continue assisting #SriLanka flood victims (Photos: Xinhua) https://t.co/9XOSZYtZmC https://t.co/OCH6aoO7II,rescue_volunteering_or_donation_effort
"#Veyangalla, a village heavily affected by recent #floodSL in #Kalutura district, today situation #lka #SriLanka https://t.co/6CeIHdffw9",infrastructure_and_utility_damage
Chinese cargo plane delivers relief to flood-hit #SriLanka . https://t.co/ZLS2Dd8s71 https://t.co/LdMWn2VIeY,rescue_volunteering_or_donation_effort
@TNAmediaoffice ITAK delegation handed over relief to those affected by #FloodSL in Ratnapura-pics by: Yarl Theepan https://t.co/jUFhscji9k,rescue_volunteering_or_donation_effort
Flood Relief program by Lions District 306 C2 at Ayagama. #Lions306C2 #FloodSL #Ayagama #Lions100 #SriLanka #Lka https://t.co/NRh1BOccwq,rescue_volunteering_or_donation_effort
US soldiers cleaning flood damaged schools #SriLanka https://t.co/wYy8Mx9Ga4 https://t.co/vzLRlNQ2mF,rescue_volunteering_or_donation_effort
#INSSumitra arrives in #Yangon bearing assistance for communities affected by #CycloneMora in #Myanmar: @indiannavy https://t.co/lanf0WFOkv,rescue_volunteering_or_donation_effort
#PakistanNavy providing relief goods to the #flood hit areas of #colombo during a #rescue operation #srilanka á¼Ÿ5á¼Ÿ0á¼Ÿ1á¼Ÿ0 https://t.co/NC1VgUamN3,rescue_volunteering_or_donation_effort
Many #Rohingya shelters in #Sittwe destroyed by #CycloneMora. See here how they are living now. #Myanmar https://t.co/RLjMLgo2fM,infrastructure_and_utility_damage
'Puravesi Athwela' humanitarian train travels from #Jaffna with flood relief #SriLanka https://t.co/3cV8zrk1CW https://t.co/PIN5MdVDMX,rescue_volunteering_or_donation_effort
US Military Ship #USSLakeErie Has Arrived To Sri Lanka With 150 Military To Help Flood Effected People. #lka https://t.co/NNlidWplRh,rescue_volunteering_or_donation_effort
USS Lake Erie arrives in #SriLanka on flood relief mission @USNavy @PacificCommand https://t.co/xXdsgPsf6n https://t.co/IXrE9waMlQ,rescue_volunteering_or_donation_effort
Flood biggest calamity which happened recently in Sri Lanka. @slhro done their duty. 2500 ltrs has been donated. https://t.co/VGcmDj8JPR,rescue_volunteering_or_donation_effort
#USSLakeErie continue to provide #SriLanka humanitarian aid and assistance in wake of #FloodSL #AroundTheFleet https://t.co/J1tSp7r9ip,rescue_volunteering_or_donation_effort
#Turkey distributes aid to #Rohingya #refugees affected by Hurricane Mora+ https://t.co/Fd1vNz0yiA https://t.co/0WYmUKjmWa,rescue_volunteering_or_donation_effort
"EU gives 300,000 euros to flood-hit #SriLanka https://t.co/WEfwRmn4lS #top #news https://t.co/T9c8gyoZUF",rescue_volunteering_or_donation_effort
Government Donations #FloodSL #lka https://t.co/LRey1fOYC9,rescue_volunteering_or_donation_effort
Korean community donates relief goods for flood victims in Sri Lanka https://t.co/rKEdOANOZM https://t.co/s5psL9zEaC,rescue_volunteering_or_donation_effort
"Navy brings supplies, medicine to flood-ravaged Sri Lanka https://t.co/LjQaghv5YE https://t.co/A3mvjlKuNG",rescue_volunteering_or_donation_effort
#Fox914 encourages you to unite and give to those who are affected... #FloodSL #srilanka #colombo #kandy #lka https://t.co/iLgsSCJ06b,rescue_volunteering_or_donation_effort
"Israel, Jewish group provide emergency aid to flood-stricken Sri Lanka https://t.co/C3z7zmhUvF #Diaspora https://t.co/xjw6lHYdou",rescue_volunteering_or_donation_effort
Everyone to stand by the #CycloneMora affected people. #Bangladesh #SaveBangladesh https://t.co/QBB0TDXy1g,rescue_volunteering_or_donation_effort
GammaddaV - Flood Relief &amp; Clean Up Campaign. ____Selected by Dr.S.Priyantha-Sri Lanka. https://t.co/qO6TJTW8Dm https://t.co/hAd0deFnsX,rescue_volunteering_or_donation_effort
Ctg people suffer for Mora fallout https://t.co/yMefgRzmNZ https://t.co/36ZcMd3U5k,affected_individuals
"LATEST REPORT: Relief Teams Bring Much-needed Supplies, Help to Flood Survivors https://t.co/dNct5LR6Qm https://t.co/3MCPaqcnHc",rescue_volunteering_or_donation_effort
"RT @AJEnglish: Bangladesh has evacuated at least 350,000 people as Cyclone Mora hits https://t.co/YI9WB98gAU https://t.co/2XcoJdZIvn",rescue_volunteering_or_donation_effort
"Raft capsizes in flood-hit Sri Lanka, kills three https://t.co/Fdf688iz5W https://t.co/U7rJElXjcn",injured_or_dead_people
"Over 420,000 women/children directly affected by #SriLanka #FloodSL - @WFP https://t.co/SD35cUyAx6 https://t.co/wGsZC00w0G",affected_individuals
RT @IrrawaddyNews: Cyclone #Mora destroys homes in #ArakanState #Burma #Myanmar https://t.co/JHRTKQ7ZcZ https://t.co/2r9FhaFqZK,infrastructure_and_utility_damage
San Diego-Based USS Lake Erie Assists Flood Victims in SriÂ Lanka https://t.co/Ij3YBxhaht https://t.co/CcFMP1EaFR,rescue_volunteering_or_donation_effort
Flood Death rate increases in Sri Lanka has been published on Liveonchennai - https://t.co/GmM2ENO8Mb https://t.co/WYe0eGoZlw,injured_or_dead_people
Bangladesh navy searches for 81 fishermen still missing after Mora cyclone https://t.co/8H7oGKWiTn https://t.co/QKpW02toiz,missing_or_found_people
Bangladesh: Rohingya Refugees Suffer After-Effects of Cyclone Mora https://t.co/oIzv5sCNRq https://t.co/2eTtlYcDuI,affected_individuals
#FloodSL 200+ deaths reported due to floods and landslides in Sri Lanka #lka #HelpSriLanka https://t.co/QnbB8kFhZQ,injured_or_dead_people
Flooding and mudslides have killed at least 200 people in #SriLanka https://t.co/f3VqJrTUYg https://t.co/vh961eP8th https://t.co/f3VqJrTUYg,injured_or_dead_people
Cornwall rescue team deployed to help Sri Lanka flood victims https://t.co/vizeEm8WPS https://t.co/P5MFHG5H2T,rescue_volunteering_or_donation_effort
#Cyclone Mora damages over 200 school buildings in #Maungdaw &gt; #Myanmar &gt; https://t.co/gk9xserkiC https://t.co/Aa2bXoP1U7,infrastructure_and_utility_damage
Indian Navy rescues 33 Bangladeshis as Cyclone Mora kills 9 https://t.co/RzD9Y1eSSN https://t.co/Un2kyTqbU0,rescue_volunteering_or_donation_effort
Glad to see US is helping @SriLanka https://t.co/1mkH1e7jaS @megheubeck @Center4Politics https://t.co/1Hblw0ck3i,rescue_volunteering_or_donation_effort
Popular Korean actress donates to flood hit SriÂ Lanka https://t.co/fLDc8HllGa https://t.co/IBWrBMi1XU,rescue_volunteering_or_donation_effort
"Despite rains in South-west, recent floods, 840,000 in #SriLanka hit by drought - https://t.co/ynGozp1pq4 https://t.co/WC4GKFJLxo",infrastructure_and_utility_damage
"#world #news For Rohingya refugees, makeshift homes no match for Cyclone Mora https://t.co/J9BUkKc66D https://t.co/TiqgXmsSBK",rescue_volunteering_or_donation_effort
Maldives presents disaster relief to flood-hit Sri Lanka https://t.co/dOHE7PbOxp #Maldives #News https://t.co/NQNqeHW4sp,rescue_volunteering_or_donation_effort
#unicef Sri Lanka and #norwayaid will help rebuild these and other communities affected by #FloodSL https://t.co/ryakxJVKp4,rescue_volunteering_or_donation_effort
"9 days No Electricity, No phone calls, No Internet, No Chatting, No Fresh Water.... Miss you all so much! #FloodSL https://t.co/SX3MLUzrv4",infrastructure_and_utility_damage
"Sri Lankaâ€™s flood survivors at risk of dengue, disease â€“ aid workers https://t.co/2P1zVDrOoH https://t.co/0GzvMdPwvq",affected_individuals
Sri Lanka Battles to Get Relief to Stranded Flood-hit Villages - https://t.co/j8oP85hyte Lanka Battles to Get ... https://t.co/aDmFdnO1Ai,infrastructure_and_utility_damage
RT @coconutsdotco: Cyclone Mora tears through homes in Rakhine State https://t.co/DwHMPx6yG6 https://t.co/oyZrQ6TNaj,infrastructure_and_utility_damage
"Women at work in #Chittagong, #Bangladesh. Repairing roads after cyclone #Mora ravaged the region https://t.co/EAWdtPsJtC",infrastructure_and_utility_damage
Posted by Chathura Udeshka to SL Disaster Relief 1 hr Â· #floodsl #lka https://t.co/Q1eqsM1vdd,rescue_volunteering_or_donation_effort
"Heavy rains, landslide due to Cyclone Mora, Aizawl cut off https://t.co/KTVxfMI3sa https://t.co/5YzyqpjzrL",infrastructure_and_utility_damage
Photo from Sri-lanka where Pakistan Navy conducted relief operations after flood https://t.co/Uga1YH8TBa,rescue_volunteering_or_donation_effort
RT @dmc_lk: For Donations #SLFloods2017 #FloodSL https://t.co/tzRAdCZxDM,rescue_volunteering_or_donation_effort
https://t.co/hurWsb80NG Watch: Sri Lanka deploys more troops as flood toll climbs to 177 https://t.co/za1WAYjAtk,rescue_volunteering_or_donation_effort
RT @BangkokPostNews: Rohingya refugee hovels flattened by Cyclone Mora https://t.co/7D0G7cKT8i https://t.co/qmmNEIgHUJ,infrastructure_and_utility_damage
We were able to reach more than 1000 people around #Kalutara district through our #Medical camps ! #FloodSL #kyf https://t.co/FiIeS1NDEz,rescue_volunteering_or_donation_effort
Aid workers warn of â€˜acute crisisâ€™ in #Bangladesh #refugee camps devastated by #CycloneMora https://t.co/bQCzc7DZdo https://t.co/QKHgqyJzvd,infrastructure_and_utility_damage
"Government of Maldives donated A cheque of US $ 25,000.00 to Sri Lanka #FloodReliefLKA #floodSL #lka @maldives https://t.co/GVYXKsCF41",rescue_volunteering_or_donation_effort
"Cyclone Mora: Urgent shelter needs in Bangladesh, Myanmar https://t.co/1rdEVZfsX1 https://t.co/4PIeUOcETn",rescue_volunteering_or_donation_effort
"Cyclone Mora Wreaks Devastation Along Myanmarâ€™s Western Coast, Killing One https://t.co/XqXWW6vUlI https://t.co/gBKoQOm5qk",infrastructure_and_utility_damage
"https://t.co/3mquNyd5Gv Cyclone Mora: Indian Navy keeping close track, deploying relief ships https://t.co/GJZBZUZMKL",rescue_volunteering_or_donation_effort
RT @IndiaToday: Death toll from Sri Lanka's worst flood since 2003 rises to 151 https://t.co/vL9JK5Vn2e https://t.co/T66G2Jidba,injured_or_dead_people
22K people displaced in Sri Lanka due to being hit by worst flood in decades: https://t.co/y1OnYlTWo8 #FoodTank https://t.co/vfuV7ZNVES,affected_individuals
Worst floods in #SriLanka in decades: So many children need help: https://t.co/9atFO43v63 v/@unicef_es https://t.co/OWZlKjRbvw,affected_individuals
Sri Lanka #tea farmers struggle after devastating floods https://t.co/9iixlbl8So #lka #srilanka via @AlJazeera https://t.co/ewqYTJdJrc,affected_individuals
"A girl from #Kalutara who is sitting for O/L exams this year, trying to dry the school books. #FloodSL #School https://t.co/wBCaA3vdzU",affected_individuals
Please share.. Looking for Medical officers! #lka #FloodSL #help #FloodRelief #flood2017 https://t.co/1ILbtLJHYS,rescue_volunteering_or_donation_effort
RT @irane_Azad: #Iran #News #Us Foreign aid arrives in as Sri Lanka flood toll exceeds 200 https://t.co/9yRvhLhNSC https://t.co/6nVBpaKa92,rescue_volunteering_or_donation_effort
Situation report about the affected affected people due to bad weather #FloodSL #lka https://t.co/wk4hipGATu,affected_individuals
Aftermath of Mora: 1.3mn children urgently need humanitarian aid. Read at - https://t.co/B16HnGzWyT https://t.co/8pqFTeqcPA,rescue_volunteering_or_donation_effort
#SriLanka appreciates China's assistance for #flood relief. https://t.co/VhDm2wLjjI https://t.co/kH4vi0zUiS,rescue_volunteering_or_donation_effort
Sri Lanka Flood Death rate increases to 183 - https://t.co/Mb63t3tmxj https://t.co/KxH1Ev9nbn,injured_or_dead_people
81 Bangladesh fishermen missing in the wake of Cyclone Mora https://t.co/I6wEaC49SJ https://t.co/yzZ9RQdLwd,missing_or_found_people
Red Cross volunteers help flood-hit Sri Lanka https://t.co/9R4CAupONy https://t.co/CSCObhiZOP,rescue_volunteering_or_donation_effort
American People Contribute LKR 350 Million for Sri Lanka FloodÂ Relief https://t.co/AxOobgUyeD https://t.co/6iHcZWoJi7,rescue_volunteering_or_donation_effort
https://t.co/fihq5IXZ7o Cyclone Mora: Indian Navy sends second ship to Bangladesh https://t.co/yCgyaidS7J,rescue_volunteering_or_donation_effort
"Heavy flooding, landslides have affected some 684,000 people in south &amp; central #SriLanka https://t.co/3VqgVznVEv https://t.co/F5uPmn0Ws1",affected_individuals
"https://t.co/A69kxXrbf5 Cyclone Mora: INS Sumitra helps B'desh, launches rescue ops https://t.co/y92d9F4g1F",rescue_volunteering_or_donation_effort
UN Migration Agency Seeks Funding for Displacement Settlements in Bangladesh Hit byâ€¦ https://t.co/ZFThAuPFAr https://t.co/lU09JGo8OH,rescue_volunteering_or_donation_effort
Sri Lanka struggles to deliver aid to stranded flood victims https://t.co/Hbh7ochcMi #NewInVids https://t.co/nt3w0hSXzV,rescue_volunteering_or_donation_effort
#FloodSL They still need our help #Flood2017 #srilanka #FloodReliefLKA photo courtesy :Shehan Gunasekara https://t.co/SBh8rLpnhl,rescue_volunteering_or_donation_effort
"RT @XHNews: Chinese premier extends condolences to Sri Lanka on flood, landslide disasters. https://t.co/87L9biYPzJ https://t.co/567aCIBp6w",rescue_volunteering_or_donation_effort
"#FloodSL situation report as of 1200 noon, 02.06.2017. Death toll has risen to 208. (via @dmc_lk ) #lka https://t.co/pWH5xOMpnj",injured_or_dead_people
RCY Khagrachori Manikchri Unit in action after #mora. https://t.co/6arnySID94,rescue_volunteering_or_donation_effort
@WFP donates 22.5 MT dhal for flood-affected in #SriLanka https://t.co/XobOvE7hoc https://t.co/7NBqaV8NYP,rescue_volunteering_or_donation_effort
Violent wind Mora: Bangladesh anglers missing after tempest - https://t.co/zkee0xkUO1 https://t.co/6FzhlSGxef,missing_or_found_people
Helped to collect and send a Leyland bus full of brand new clothes and food items to Morawaka today. #FloodSL https://t.co/WBce2IiKI2,rescue_volunteering_or_donation_effort
Sri Lanka: Navy in North support flood relief campaign #humanitarian #newzealand #auckland https://t.co/geDS6AtKL4,rescue_volunteering_or_donation_effort
"https://t.co/QnTzWx6tGI 300,000 people evacuated, airports closed post Cyclone Mora https://t.co/tCMkitkrbi",rescue_volunteering_or_donation_effort
Naval personnel involved in flood relief operations felicitated #SriLanka https://t.co/mLggq42l91 https://t.co/4qw9PVj8rD,rescue_volunteering_or_donation_effort
Items needed for donation. #FloodSL #FloodReliefLKA Post as of 1/6 at 12:30 a.m. https://t.co/6CtNcFK077,rescue_volunteering_or_donation_effort
"Cambodia donates 100,000 USD to flood-hit Sri Lanka - https://t.co/zMKsrw99PO https://t.co/tkRtzmgFdX",rescue_volunteering_or_donation_effort
"AKF team conducted interviewed tropical cyclone Mora, Sittwe, Rakhine state https://t.co/JbHnm1pdjx",rescue_volunteering_or_donation_effort
ADB approves $2 mn grant for flood and landslide relief in #SriLanka @ADB_HQ https://t.co/SUQJqTrKea https://t.co/vwlc2Vy9rh,rescue_volunteering_or_donation_effort
Air China Cargo Plane carrying Flood Relief items from China arrived at BIA #LKA #SriLanka #FloodSL https://t.co/X9mjcN5Tbb,rescue_volunteering_or_donation_effort
@UNmigration agency deploys rapid assessment teams to #flood-hit southern and central Sriâ€¦ https://t.co/sWOn4qRBCh https://t.co/0X5SrjjPnk,rescue_volunteering_or_donation_effort
7 houses 4 families 21 people including #children still buried iat Pahiyangala landslide #FloodSL https://t.co/RCAhviP9c9,missing_or_found_people
16 nations rush relief to flood-hit Sri Lanka - The Straits Times https://t.co/WnxGq8xTLq #news https://t.co/6wH5OrOeDM,rescue_volunteering_or_donation_effort
Rehabilitation of Villagers affected by Cyclone Mora Read full @ https://t.co/2lsWmF0re2 https://t.co/YKNvfKU08T,affected_individuals
US teams help restore flood-hit schools... Read more: https://t.co/wnGcaFsSLe #lka #srilanka https://t.co/8X9rMZmsQV,rescue_volunteering_or_donation_effort
Israel rushes to aid tens of thousands in Sri Lanka after flood. https://t.co/EWpYGE7wkl https://t.co/12Ut0u0yyg,rescue_volunteering_or_donation_effort
Cyclone Mora: Govt to rebuild all damaged homes: PM #TISNews Click Link- https://t.co/kpfS3OReI1 https://t.co/UwMoLXY6BM,infrastructure_and_utility_damage
RT @Dailymirror_SL: Weather calamity: Death toll rises to 180 #FloodSL https://t.co/9RXUdaYR3A https://t.co/pMJVDS4bLe,injured_or_dead_people
#USA á¼ŸAá¼Ÿ8 donates $2.3 million to #SriLanka á¼Ÿ1á¼Ÿ0 flood relief aid. Thank you America á½¤Fá¼¿C https://t.co/ISA3vsyUZr https://t.co/MJTexVUQPR,rescue_volunteering_or_donation_effort
Cyclone Mora: India hands over relief materials to Bangladesh https://t.co/riJz0ZWee4 https://t.co/NIGJTfHACk,rescue_volunteering_or_donation_effort
Visiting Chinese navy fleet donates flood relief supplies to Sri Lanka https://t.co/6e1SPbOUoc https://t.co/O68PvVjLGQ,rescue_volunteering_or_donation_effort
"#EuropeanUnion donates â‚¬300,000 to aid families affected by #SriLanka floods https://t.co/DQ9Yrq2nZC #top #news https://t.co/519z7D5n0A",rescue_volunteering_or_donation_effort
Three Chinese naval ships arrive in Sri Lanka to assist in floodÂ relief https://t.co/YEq1gQIySO https://t.co/czvdBANO4N,rescue_volunteering_or_donation_effort
#SriLanka to convene international donor conference for floods rebuild https://t.co/JmNJiOZdMA #top #news https://t.co/pEDOFakOwk,rescue_volunteering_or_donation_effort
Tri-forces continue recovery and relief operations as floods recede #SriLanka https://t.co/xbLm1nrzNC https://t.co/9SjxwyPq3N,rescue_volunteering_or_donation_effort
Flash floods wreak havoc in Guwahati; man electrocuted #floodsl #Assam #rains https://t.co/tj5eEVb73U https://t.co/VuQS5MWZJF,injured_or_dead_people
@UNmigration launches $3.7 million appeal for Cyclone Mora response in #Bangladesh https://t.co/gZ2Tm2FySp https://t.co/XT40tkKThW,rescue_volunteering_or_donation_effort
Good to see supplies from #chinaaid reaching the most badly affected areas from #FloodSL https://t.co/N4EBj9qGLX,rescue_volunteering_or_donation_effort
"The Radio Society of Sri Lanka, response to the flood disaster may 2017 https://t.co/ejiNoy9trx #dx #hamr #hamradio https://t.co/vfHBpo6NeS",infrastructure_and_utility_damage
In #SriLanka with @MoveTheWorld to help animals and communities recover from the devastating floods. https://t.co/WQmPmZXssY,rescue_volunteering_or_donation_effort
Effects of Natural Disasters in Sri Lanka has been at increasing trend specially after 2003.. flood and landslides.. https://t.co/sWE3TrjRiz,infrastructure_and_utility_damage
"Over 10 days since disasters struck #lka, the death toll stands at 213, with 79 people still missing #FloodSL https://t.co/QsmyXLmWLf",injured_or_dead_people
#Iran-ian aid convoy sent to flood-stricken Sri Lanka https://t.co/i1GWeg99kd #SriLankaFloods #irna https://t.co/gA3b2kPsNe,rescue_volunteering_or_donation_effort
2nd phase of contributions..Retweet and help us #FloodSL https://t.co/DEXJQofj7K,rescue_volunteering_or_donation_effort
#US #Army soldiers and #ROTC cadets pitch in to help flood recovery in #SriLanka Image via @USAmbKeshap @USEmbSL https://t.co/UkYc7I5Gxe,rescue_volunteering_or_donation_effort
Pakistan Navy helping people in flood stricken Sri Lanka https://t.co/EPVzshTqRC https://t.co/1m3ATtlU9i,rescue_volunteering_or_donation_effort
Rohingya camps in Bangladesh destroyed by Cyclone Mora | Bangladesh News - https://t.co/p0nTvP1Vht camps ... https://t.co/0JLQhTz6sI,infrastructure_and_utility_damage
RT @STcom: #SriLanka appeals for help as #floods cripple water supply https://t.co/cCHq3iXVqB https://t.co/Ptbd9u6Eub,rescue_volunteering_or_donation_effort
Maldives offers financial assistance to flood hit SriÂ Lanka https://t.co/6HwEGnquMY https://t.co/6uuQsW695v,rescue_volunteering_or_donation_effort
